term,centrality,clusterId
Fast_Ethernet,13.507261765251283,1
Ethernet_over_twisted_pair,34.6429949512626,1
3G,825.4601602716695,4
4G,1224.924649302848,4
IEEE_802.11,2374.494327730829,1
Adaptive_differential_pulse-code_modulation,0.9016806722689076,4
Address_pool,0.0,2
Address_Resolution_Protocol,31.372847603926903,2
Asymmetric_digital_subscriber_line,1323.689419205591,3
Advanced_Encryption_Standard,8.93087568777971,1
Wireless_ad-hoc_network,135.8665143895468,3
Application-level_gateway,64.06869304595739,3
Application_firewall,17.840963056130313,3
Application_server,0.0,3
ARPANET,324.7753382664784,3
Backbone_network,325.2978312613927,3
Best-effort_delivery,1.3305300193363396,4
Bit,934.7302649697078,1
Bit_rate,955.8723349296332,1
Body_area_network,399.0438199945994,3
Bootstrap_Protocol,0.36900452488687785,2
Border_Gateway_Multicast_Protocol,0.0,2
Border_Gateway_Protocol,1875.2899669819087,2
Bridging_(networking),638.7645159662653,3
Broadcasting_(networking),76.16918663751906,3
Data_buffer,795.3774588668429,3
Bus_network,174.72923656948828,1
Cable,1265.2043959986438,1
Campus_network,84.27331150407663,3
Carrier_Ethernet,48.24679393843311,1
Category_5_cable,512.02161243291,1
Category_6_cable,74.97060259924245,1
Cellular_digital_packet_data,0.8170995670995671,3
Cellular_network,338.61593461244166,4
Mobile_broadband_modem,29.333879295551156,3
Cell_relay,98.79642091843388,4
Channel_(communications),1831.5293537904747,4
Classless_Inter-Domain_Routing,14.381882296950302,2
Circuit_switching,2525.836169365341,4
Circuit_Switched_Data,1.6532537567187044,4
Classful_network,23.765184875966924,3
Client_(computing),569.8214967201958,3
Clos_network,0.0,4
Coaxial_cable,3136.29280810159,1
Code_division_multiple_access,196.20699510392427,4
Command-line_interface,7.026097479552296,1
Communication,340.02293071921065,4
Communications_protocol,1792.0639649949178,2
Communications_security,427.0707511402937,4
Communication_endpoint,10.800377796815523,1
Traffic_flow_(computer_networking),71.97567261388849,1
Computer_network,34783.4612413767,3
Congestion_control,282.9317755609531,1
Connection-oriented_communication,1089.873106666587,4
Connectionless_communication,387.0051581294392,4
Connectionless_protocol,34.134101016861564,2
Core_router,40.17835422115431,3
Datagram,80.221542053741,4
Data_link_layer,3493.2284569656117,1
Data_cable,9.136654590338587,1
Data_compression,181.31952568031338,3
Data_Link_Control,1.096687063048619,1
Network_packet,97.44183169619976,4
Data_terminal_equipment,294.21901271169617,1
Data_transmission,1045.425236694339,1
Dedicated_line,16.151428997857813,3
Default-free_zone,25.4530131502797,3
Default_route,32.22399188032334,2
Defense_Data_Network,0.0,3
Denial-of-service_attack,298.005006867481,3
Protocol_Independent_Multicast,27.017855121534748,2
Dense_WDM,112.240594744544,4
DHCPv6,11.219069102121509,2
Dial-up_Internet_access,166.11739175969342,3
Differentiated_services,59.763463371234536,3
Bandwidth_(computing),74.95908244006716,1
Digital_subscriber_line,1719.2937453345737,1
Distance-vector_routing_protocol,7.341405256890338,2
Distance_Vector_Multicast_Routing_Protocol,4.575687493078798,2
DNS_hijacking,9.989179031047975,2
Domain_name,281.2612803431506,2
Domain_Name_System,2026.6016504175982,2
Uploading_and_downloading,68.76253265812322,3
Drums_in_communication,6.807158404125387,4
Dynamic_bandwidth_allocation,208.0764990586265,4
Dynamic_DNS,157.08727981034045,2
Dynamic_Host_Configuration_Protocol,679.4200225778781,2
Dynamic_Source_Routing,141.2189995531524,2
Dynamic_TDMA,93.87380109624971,4
End-to-end_principle,1.2499675762833655,3
Ethernet,9925.684528128897,1
Ethernet_frame,614.4388729006502,1
Ethernet_hub,424.33444244583535,1
Ethernet_over_coax,827.4528688130982,1
Ethernet_over_SDH,0.0,1
Ethernet_physical_layer,701.5821846598761,1
Network_switch,4330.442368885368,1
EtherType,77.8065643154915,2
Extranet,29.725142679015423,3
Extreme_Networks,24.058670744736766,3
Fast_packet_switching,36.85773603714088,4
Fiber_Distributed_Data_Interface,1268.5038983037416,2
Optical_fiber,3955.2834051126265,1
Fibre_Channel,170.30213701699734,1
FidoNet,405.34767484326323,3
Firewall_(computing),1486.9294428236976,3
Forwarding_plane,14.781364581157847,3
Frame_Relay,1111.6025810613469,4
Frequency-division_multiple_access,702.3600374288372,4
Frequency-hopping_spread_spectrum,484.51783549663276,4
Frequency,523.413785894107,4
Frequency_domain,26.321412850106334,4
Frequency_frogging,0.0,4
Frequency_modulation,130.4254707964774,4
Frequency_spectrum,431.50483587619726,4
File_Transfer_Protocol,226.33112551742897,2
Fully_switched_network,15.63485482202632,1
Gateway_(telecommunications),156.53915452778955,3
Generic_Routing_Encapsulation,29.267525354102446,2
Generic_top-level_domain,3.9511771291300346,2
Geographic_routing,16.806270796918387,3
Gigabit_Ethernet,884.2947592088658,1
Gigabit_Media_Independent_Interface,0.6114285714285715,1
Global_network,106.79021418438529,3
Grade_of_service,25.7049469887163,3
H.264,148.5682144941378,2
Duplex_(telecommunications),634.9394609993944,4
High-Level_Data_Link_Control,568.4190391512958,2
High-bit-rate_digital_subscriber_line,15.353236061454213,1
Heuristic_routing,0.0,2
Hidden_node_problem,12.724231732319963,1
Hierarchical_internetworking_model,2.6463203463203464,1
High-pass_filter,0.0,4
High_frequency,1422.7330259628905,3
Home_network,584.6830699740285,3
Residential_gateway,142.39946294201724,3
Hotspot_(Wi-Fi),113.95455771151305,3
HTML,353.7479247434749,3
HTML5,45.11565341646402,3
Hypertext_Transfer_Protocol,2758.2633223936587,2
HTTP_Secure,24.701739397370602,3
Proxy_server,54.83339348595947,3
Hyperlink,4.8505087596503955,3
Hypertext,38.9840837896117,3
I2P,50.73983493693125,2
ICMPv6,213.4070941132789,2
IEEE_1394,78.81755688009115,1
IEEE_802.1,64.22703684100475,1
IEEE_802.11a-1999,29.071275861604988,1
100BaseVG,0.0,1
IEEE_802.15,17.732291319791315,3
IEEE_802.2,111.93496497253791,2
IEEE_802,684.711238036604,1
Internet_Group_Management_Protocol,242.32475979494825,2
InfiniBand,38.92481399460265,1
Infrared,742.6896994003487,4
Ingress_router,86.3391581694316,3
Integrated_Services_Digital_Network,3462.766196664835,2
Interconnection,24.901307518686806,3
Internet,20263.16891167163,3
Internetworking,212.42722167579788,3
Internet_backbone,790.0343152841253,3
Internet_Control_Message_Protocol,1256.791188395798,2
Internet_Protocol,859.3639060505927,2
Router_(computing),7967.858152770634,3
Internet_protocol_suite,751.3817938983606,2
Internet_service_provider,2122.653845528958,3
Network_socket,344.7960448586324,3
Internet_topology,7.882315002584144,3
Interplanetary_Internet,106.39761184008364,3
Intranet,138.44503170250943,3
Integrated_services,0.0,3
IPsec,48.91498298886631,2
IPTV,1048.3328563120785,4
IPv4,3382.1279966242787,2
IPv6,3074.0809577771506,2
Internetwork_Packet_Exchange,527.7257689651275,2
IP_address,3660.855595687447,2
IP_address_blocking,4.385821519942195,3
IP_fragmentation,148.02487830835815,2
IP_fragmentation_attacks,105.33265152406078,2
IP_hijacking,4.387767899866955,2
IP_multicast,3224.1802381569655,2
Type_of_service,0.0,3
IP_address_spoofing,17.056497635855443,3
Infrared_Data_Association,23.65688676026582,3
IS-IS,1257.7032078264713,2
ITU-T,981.7456992607839,4
Layer_2_Tunneling_Protocol,42.19608570824516,2
Label_switching,43.988255245868686,3
Label_switch_router,392.0,3
Ladder_line,1.4277777777777778,4
LAN_switching,203.34251930331158,1
Last_mile,249.83690718845003,3
Latency_(engineering),530.7605957421708,3
Leased_line,855.1999128336489,3
Link_layer,558.9671271733813,2
Local_area_network,2852.8799817970585,3
Loopback,351.9214390312477,2
Low_frequency,4.294444444444444,4
MAC_address,260.16973818000923,1
Media_access_control,3996.883513319483,2
Media_Gateway_Control_Protocol,189.98252654384424,2
Medium_frequency,3.427777777777778,4
Mesh_networking,479.50461569615595,1
Message_passing,13.19960014261666,3
Message_switching,10.782123428666129,4
Metrics_(networking),12.551022875764051,2
MIME,390.8795627297776,2
MIMO,397.98492970949525,4
Minimum_spanning_tree,2.4355455524676874,3
Mobile_ad_hoc_network,63.76062855623796,3
Mobile_instant_messaging,0.0,3
Mobile_Internet_device,117.24621543416241,3
Mobile_phone,826.1946742278082,4
Mobile_telephony,525.2290758488865,4
Mobile_Web,0.0,3
MPEG-1,300.35289228144677,4
MPEG-2,119.90453529847082,4
MPEG-4,273.0457224439114,2
Multi-carrier_code_division_multiple_access,1641.5185380356904,4
Multi-mode_optical_fiber,54.23507841850049,1
Multicast,2975.632974514391,3
Multicast_address,863.285723384681,2
Multiprotocol_BGP,26.37290084082065,2
Multicast_DNS,7.839811005987476,2
Multicast_Listener_Discovery,203.36199328273122,2
Multicast_Open_Shortest_Path_First,0.0,3
Multicast_Routing_Daemon_v6,0.0,2
Multicast_Source_Discovery_Protocol,3.6206652347982713,2
Multichannel_Multipoint_Distribution_Service,0.0,4
Multihoming,46.16921300757716,2
Multipath_routing,3.8512238377327894,3
Multiplexing,4734.2688739631,4
Channel_access_method,305.9336405281327,4
Multiple_Registration_Protocol,9.98991060196227,1
Multipoint_relay,0.0,3
Near-me_area_network,0.0,3
Near_field_communication,403.3926992480856,3
Networking_hardware,234.5488274760483,1
Network_Access_Control,477.8927380627379,3
Network_interface_controller,264.0581810142886,1
Network_address,22.788403453820038,3
Network_address_translation,1167.535921947617,2
Network_Admission_Control,7.015263902763903,3
Linear_network_coding,6.865856090847149,3
Network_congestion,966.0979328532482,3
Network_delay,121.78678408432424,4
Network_layer,863.0847878150724,2
Network_News_Transfer_Protocol,56.31915770208177,2
Node_(networking),399.6372472980836,1
Network_operating_system,30.166906739369317,3
Network_performance,656.6299022939055,3
Network_security,290.91476928264973,3
Network_segment,124.62824061464264,1
Network_Time_Protocol,510.126967145476,2
Network_topology,2177.0227754977386,1
Network_traffic_measurement,1.9201559934318555,2
Tunneling_protocol,21.57257612876544,2
Next-generation_network,876.9685817695984,3
Optical_Carrier_transmission_rates,6.3608371912395745,3
Orthogonal_frequency-division_multiple_access,224.30081899068463,4
Online_service_provider,3.362085024585025,3
Optical_amplifier,1.095082627340692,4
Optical_burst_switching,2.4297904093956726,4
Optical_fiber_cable,437.3814371521074,1
Optical_interconnect,0.0,1
Optical_mesh_network,1163.0388780519913,4
Optical_wireless,0.0,3
Optics,184.54731718970882,3
OSI_model,12852.077746858195,2
Overlay_network,655.1857058634371,3
P2PTV,19.7831724977588,3
Packet_Layer_Protocol,0.4408220076810067,4
Packet-switched_network,575.1985842509323,4
Packet_forwarding,319.198182451139,3
Packet_analyzer,95.45933487546553,3
Packet_switching,2814.637092144718,4
Path_MTU_Discovery,3.57497984642459,2
Path_vector_protocol,0.0,2
Peer-to-peer,704.8442926809397,3
Personal_area_network,339.2819759151663,3
Physical_address,0.5129490392648287,1
Physical_layer,2788.275616271463,1
Physical_medium,0.0,4
Point-to-point,0.0,2
Point-to-point_protocol,1230.927879612923,2
Point-to-point_protocol_over_Ethernet,475.34425599770225,2
Point-to-Point_Tunneling_Protocol,27.297666727649293,2
Port_mirroring,120.50207901646782,1
Link_aggregation,8.871963645454022,1
Power_cable,0.0,1
Power_line_communication,727.1429523729278,1
Pragmatic_General_Multicast,5.3946900971564675,3
Private_network,301.47524445126913,2
Protocol_data_unit,15.950123151786595,4
Protocol_stack,420.5538777262608,1
Public_switched_telephone_network,982.0392594584431,4
Pulse-amplitude_modulation,647.9945796865676,1
Pulse-code_modulation,2121.2329877733837,4
Pulse-position_modulation,28.013354890859727,4
Pulse-width_modulation,0.9658119658119658,4
Quality_of_service,4214.621244524853,3
Radio,2096.881579681679,4
Radio_frequency,2837.3039307995555,4
Radio_network,689.3095158254285,3
Receiver_(radio),87.874716679774,4
Radio_Resource_Control,0.0,1
Radio_resource_management,1551.818298456802,3
Radio_spectrum,878.1422202554393,4
Radio_waves,527.5590178658989,4
Spanning_Tree_Protocol,1110.8517780693428,2
Real-time_Transport_Protocol,1075.6649995057726,2
Reliable_multicast,5.3946900971564675,3
Repeater,477.98618556336,1
Request_for_Comments,304.22774870163937,2
Resource_Reservation_Protocol,492.3763326467035,2
Ring_network,17.336846125912253,1
Round-trip_delay_time,9.966679178943165,4
Router,2.1085901027077494,3
Routing,6904.775589267993,3
Routing_Bridge,0.0,2
Routing_domain,0.33935807465219225,2
Routing_Information_Protocol,911.83924531059,2
Routing_protocol,2110.0919197258418,2
Routing_table,787.8530594290902,3
RS-232,458.4651363918877,1
RS-422,18.878358520105195,1
Sampling_rate,14.913570481135888,4
Satellite_Internet_access,225.8641464102939,3
Secure_communication,66.56913318033567,3
System_console,6.345326232220815,3
Server_(computing),1312.060889707458,3
Service-level_agreement,0.5946687370600414,3
Simplex_communication,244.73580980219148,4
Simple_Mail_Transfer_Protocol,631.708244512603,2
Simple_Network_Management_Protocol,1113.922328968842,2
Simple_Sensor_Interface_protocol,0.0,2
Simple_Service_Discovery_Protocol,7.086326978792261,2
Single-carrier_FDMA,119.9222623620683,4
Serial_Line_Internet_Protocol,51.13664913303888,2
Slow-start,196.6408767314678,2
Softswitch,8.804377334211303,3
Star_network,264.2080843380857,1
Storage_area_network,404.4453652552826,3
Stream_Control_Transmission_Protocol,531.1383601895537,2
Subnetwork,312.7483808531477,2
Super-low_frequency,0.0,4
Virtual_circuit,913.5324373953173,4
Switching,6.898014559476938,3
Synchronous_optical_networking,1500.5117130677527,4
SynOptics,0.0,1
TCP_congestion_avoidance_algorithm,0.0,1
Transmission_Control_Protocol,853.9151572633559,2
TD-CDMA,62.91630691821216,4
TD-SCDMA,105.15717462197026,4
Telecommunication,5170.717599830247,4
Time-division_multiplexing,1446.1155437988364,4
Time_to_live,26.481278742119454,2
Traffic_classification,67.20461389879878,3
Traffic_congestion,143.81071130837563,4
Transmission_medium,559.5014725923306,4
Transport,394.70000000000005,4
Twisted_pair,816.7109144699184,1
Uniform_resource_locator,280.74971883424047,3
United_States,1044.8002638745863,3
Uniform_resource_identifier,2.8717300815126903,3
Very-high-bit-rate_digital_subscriber_line,110.05510603965753,1
Virtual_channel,24.33193441151196,4
Virtual_LAN,1863.9496375889046,1
Virtual_private_network,1120.177128316255,3
Virtual_Router_Redundancy_Protocol,4.649476707617936,2
VLAN_hopping,0.0,1
Voice_over_IP,3907.147079947026,3
Wavelength-division_multiplexing,46.30856432619967,4
Wavelength_division_multiple_access,3.245129543916844,4
Wide_area_network,2148.6503203215552,3
Wi-Fi,836.9992586379428,3
Wireless_access_point,1014.2277104978766,3
Wireless_bridge,16.77502843309879,1
Wireless,1671.4622708907614,4
Wireless_community_network,113.28892636411398,3
Wireless_network,2406.1218899404707,4
Wireless_Internet_service_provider,53.644482186344256,3
Wireless_LAN,1797.493016717777,3
Wireless_mesh_network,118.463134636011,3
Wireless_personal_area_network,3.0363354037267083,3
Wireless_router,21.118745449532558,3
Wireless_sensor_network,12.70859005674408,3
Mobile_network_operator,206.2705348964937,3
Wireless_WAN,403.42916823530703,3
World_Wide_Web,1601.1191716506705,3
X.25,60.73747290032786,4
Wavelength,0.0,4
Ribbon_cable,0.0,1
Multicore_cable,0.0,1
Point-to-multipoint_communication,0.0,4
End-to-end,0.0,4
Data_frame,0.0,2
Handshaking,0.0,2
Pulse-address_multiple_access,0.0,4
Ping,0.0,2
List_of_light_sources,0.0,4
I_am_lonely_will_anyone_speak_to_me,0.0,3
VLAN_Trunking_Protocol,0.0,1
SS7,0.0,3
Routing_Table_Maintenance_Protocol,0.0,2
Delta_modulation,0.0,4
Network_element,0.0,4
