Classification_algorithm,Calibration_(statistics)
Classification_algorithm,Class_membership_probability
Classification_algorithm,Soft_independent_modelling_of_class_analogy
Classification_algorithm,Statistical_classification
Classification_algorithm,Variable_kernel_density_estimation
Classification_algorithm,AdaBoost
Classification_algorithm,ALOPEX
Classification_algorithm,Alternating_decision_tree
Classification_algorithm,Analogical_modeling
Classification_algorithm,Averaged_one-dependence_estimator
Classification_algorithm,Wikipedia_talk:Articles_for_creation/Novelty_Detection
Classification_algorithm,Artificial_neural_network
Classification_algorithm,Boosting_(machine_learning)
Classification_algorithm,BrownBoost
Classification_algorithm,C4.5_algorithm
Classification_algorithm,Cascading_classifier
Classification_algorithm,Case-based_reasoning
Classification_algorithm,CHAID
Classification_algorithm,Sukhotin%27s_algorithm
Classification_algorithm,Classifier_chain
Classification_algorithm,Co-training
Classification_algorithm,CoBoosting
Classification_algorithm,Compositional_pattern-producing_network
Classification_algorithm,Conceptual_clustering
Classification_algorithm,Decision_boundary
Classification_algorithm,Decision_tree_learning
Classification_algorithm,Elastic_matching
Classification_algorithm,Evolving_classification_function
Classification_algorithm,Feature_Selection_Toolbox
Classification_algorithm,Gene_expression_programming
Classification_algorithm,Generalization_error
Classification_algorithm,Group_method_of_data_handling
Classification_algorithm,ID3_algorithm
Classification_algorithm,IDistance
Classification_algorithm,Information_Fuzzy_Networks
Classification_algorithm,Information_gain_in_decision_tree
Classification_algorithm,Information_gain_ratio
Classification_algorithm,K-nearest_neighbor_algorithm
Classification_algorithm,Kernel_method
Classification_algorithm,Large_margin_nearest_neighbor
Classification_algorithm,Learning_Vector_Quantization
Classification_algorithm,Least_squares_support_vector_machine
Classification_algorithm,Linear_classifier
Classification_algorithm,Linear_discriminant_analysis
Classification_algorithm,Locality-sensitive_hashing
Classification_algorithm,LogitBoost
Classification_algorithm,Margin_classifier
Classification_algorithm,Margin_Infused_Relaxed_Algorithm
Classification_algorithm,Monte_Carlo_Machine_Learning_Library
Classification_algorithm,Multi-label_classification
Classification_algorithm,Multiclass_classification
Classification_algorithm,Multifactor_dimensionality_reduction
Classification_algorithm,Multilayer_perceptron
Classification_algorithm,Multinomial_logistic_regression
Classification_algorithm,Multiple_discriminant_analysis
Classification_algorithm,Multispectral_pattern_recognition
Classification_algorithm,Naive_Bayes_classifier
Classification_algorithm,Nearest_centroid_classifier
Classification_algorithm,Nearest_neighbor_search
Classification_algorithm,Novelty_detection
Classification_algorithm,One-class_classification
Classification_algorithm,Optimal_discriminant_analysis
Classification_algorithm,Perceptron
Classification_algorithm,Quadratic_classifier
Classification_algorithm,Radial_basis_function_network
Classification_algorithm,Random_forest
Classification_algorithm,Random_multinomial_logit
Classification_algorithm,Random_subspace_method
Classification_algorithm,Relevance_vector_machine
Classification_algorithm,String_kernel
Classification_algorithm,Support_vector_machine
Classification_algorithm,Syntactic_pattern_recognition
Classification_algorithm,Textual_case_based_reasoning
Classification_algorithm,Types_of_artificial_neural_network
Classification_algorithm,Whitening_transformation
Classification_algorithm,Winnow_(algorithm)
Classification_algorithm,%CE%95-approximate_nearest_neighbor_search
Classification_algorithm,Ensemble_learning
Ensemble_learning,AdaBoost
Ensemble_learning,Boosting_(machine_learning)
Ensemble_learning,Bootstrap_aggregating
Ensemble_learning,BrownBoost
Ensemble_learning,Cascading_classifier
Ensemble_learning,Gaussian_process_emulator
Ensemble_learning,Gradient_boosting
Ensemble_learning,LogitBoost
Ensemble_learning,LPBoost
Ensemble_learning,Random_forest
Ensemble_learning,Random_multinomial_logit
Ensemble_learning,Random_subspace_method
Ensemble_learning,Relevance_vector_machine
