Machine_learning,Stability_(learning_theory)
Machine_learning,Universal_portfolio_algorithm
Machine_learning,Accuracy_paradox
Machine_learning,Active_learning_(machine_learning)
Machine_learning,Adjusted_mutual_information
Machine_learning,Algorithmic_inference
Machine_learning,Apprenticeship_learning
Machine_learning,Bag-of-words_model
Machine_learning,Base_rate
Machine_learning,Binary_classification
Machine_learning,Bongard_problem
Machine_learning,Category_utility
Machine_learning,CBCL_(MIT)
Machine_learning,CellCognition
Machine_learning,CIML_community_portal
Machine_learning,Cluster_analysis
Machine_learning,Computational_learning_theory
Machine_learning,Concept_drift
Machine_learning,Concept_learning
Machine_learning,Conditional_random_field
Machine_learning,Conference_on_Neural_Information_Processing_Systems
Machine_learning,Confusion_matrix
Machine_learning,Coupled_pattern_learner
Machine_learning,Cross-entropy_method
Machine_learning,Cross-validation_(statistics)
Machine_learning,Curse_of_dimensionality
Machine_learning,DARPA_LAGR_Program
Machine_learning,Data_pre-processing
Machine_learning,Decision_list
Machine_learning,Decision_rule
Machine_learning,Decision_tree_learning
Machine_learning,Deep_learning
Machine_learning,Dimension_reduction
Machine_learning,Discriminative_model
Machine_learning,Document_classification
Machine_learning,Eager_learning
Machine_learning,Early_stopping
Machine_learning,ECML_PKDD
Machine_learning,Elastic_matching
Machine_learning,Empirical_risk_minimization
Machine_learning,Evolvability_(computer_science)
Machine_learning,Expectation_propagation
Machine_learning,Explanation-based_learning
Machine_learning,Feature_(machine_learning)
Machine_learning,Feature_hashing
Machine_learning,Feature_scaling
Machine_learning,Feature_space
Machine_learning,Feature_vector
Machine_learning,Formal_concept_analysis
Machine_learning,Gene_expression_programming
Machine_learning,Generative_model
Machine_learning,Granular_computing
Machine_learning,Grid_search
Machine_learning,Hashing-Trick
Machine_learning,Ilastik
Machine_learning,Inductive_bias
Machine_learning,Inductive_transfer
Machine_learning,Inferential_theory_of_learning
Machine_learning,Instance-based_learning
Machine_learning,International_Conference_on_Machine_Learning
Machine_learning,Iris_flower_data_set
Machine_learning,Journal_of_Machine_Learning_Research
Machine_learning,K_q-flats
Machine_learning,Knowledge_integration
Machine_learning,Large_margin_nearest_neighbor
Machine_learning,Lazy_learning
Machine_learning,Learning_automata
Machine_learning,Learning_to_rank
Machine_learning,Learning_with_error
Machine_learning,Leave_one_out_error
Machine_learning,Linear_predictor_function
Machine_learning,Machine_Learning_(journal)
Machine_learning,Margin_(machine_learning)
Machine_learning,Matthews_correlation_coefficient
Machine_learning,Meta_learning_(computer_science)
Machine_learning,Mixture_model
Machine_learning,Motor_babbling
Machine_learning,Mountain_Car
Machine_learning,Multi-armed_bandit
Machine_learning,Multi-task_learning
Machine_learning,Multilinear_principal_component_analysis
Machine_learning,Multilinear_subspace_learning
Machine_learning,Multiple-instance_learning
Machine_learning,Multivariate_adaptive_regression_spline
Machine_learning,Nearest_neighbor_search
Machine_learning,Neural_modeling_field
Machine_learning,Offline_learning
Machine_learning,Overfitting
Machine_learning,Parity_learning
Machine_learning,Pattern_recognition
Machine_learning,Predictive_learning
Machine_learning,Predictive_state_representation
Machine_learning,Preference_learning
Machine_learning,Prior_knowledge_for_pattern_recognition
Machine_learning,Proactive_learning
Machine_learning,Probability_matching
Machine_learning,Product_of_expert
Machine_learning,Rademacher_complexity
Machine_learning,Rand_index
Machine_learning,Random_indexing
Machine_learning,Representer_theorem
Machine_learning,Robot_learning
Machine_learning,Rule_induction
Machine_learning,Semantic_analysis_(machine_learning)
Machine_learning,Semi-supervised_learning
Machine_learning,Sequence_labeling
Machine_learning,Similarity_learning
Machine_learning,Smart_variable
Machine_learning,Social_Terrain
Machine_learning,Statistical_classification
Machine_learning,Statistical_learning_theory
Machine_learning,Statistical_relational_learning
Machine_learning,Structural_risk_minimization
Machine_learning,Structured_learning
Machine_learning,Subclass_reachability
Machine_learning,Supervised_learning
Machine_learning,Test_set
Machine_learning,Topological_Media_Lab
Machine_learning,Training_set
Machine_learning,Transduction_(machine_learning)
Machine_learning,Ugly_duckling_theorem
Machine_learning,Uncertain_data
Machine_learning,Uniform_convergence_(combinatorics)
Machine_learning,Unsupervised_learning
Machine_learning,Version_space
Machine_learning,VIGRA
Machine_learning,Ward%27s_method
Machine_learning,Applied_machine_learning
Machine_learning,Artificial_intelligence_conference
Machine_learning,Bayesian_network
Machine_learning,Classification_algorithm
Machine_learning,Data_mining_and_machine_learning_software
Machine_learning,Decision_tree
Machine_learning,Ensemble_learning
Machine_learning,Evolutionary_algorithm
Machine_learning,Inductive_logic_programming
Machine_learning,Kernel_methods_for_machine_learning
Machine_learning,Latent_variable_model
Machine_learning,Learning_in_computer_vision
Machine_learning,Log-linear_model
Machine_learning,Loss_function
Machine_learning,Machine_learning_algorithm
Machine_learning,Markov_model
Machine_learning,Neural_network
Machine_learning,Machine_learning_researcher
Machine_learning,Support_vector_machine
Applied_machine_learning,Activity_recognition
Applied_machine_learning,Elbot
Applied_machine_learning,IRCF360
Applied_machine_learning,Jabberwacky
Applied_machine_learning,Kaggle
Applied_machine_learning,Kinect
Applied_machine_learning,Language_Acquisition_Device_(computer)
Applied_machine_learning,Numenta
Applied_machine_learning,Reactive_business_intelligence
Applied_machine_learning,Reasoning_system
Applied_machine_learning,Sense_Networks
Applied_machine_learning,Sensorium_Project
Applied_machine_learning,Simultaneous_localization_and_mapping
Applied_machine_learning,SmartMatch
Applied_machine_learning,TD-Gammon
Applied_machine_learning,Universal_Robotics
Artificial_intelligence_conference,AAAI_Conference_on_Artificial_Intelligence
Artificial_intelligence_conference,AI@50
Artificial_intelligence_conference,Conference_on_Neural_Information_Processing_Systems
Artificial_intelligence_conference,Dartmouth_Conferences
Artificial_intelligence_conference,ECML_PKDD
Artificial_intelligence_conference,European_Conference_on_Artificial_Intelligence
Artificial_intelligence_conference,International_Conference_on_Machine_Learning
Artificial_intelligence_conference,International_Joint_Conference_on_Artificial_Intelligence
Artificial_intelligence_conference,Mexican_International_Conference_on_Artificial_Intelligence
Artificial_intelligence_conference,RuleML_Symposium
Bayesian_network,Causal_Markov_condition
Bayesian_network,Dynamic_Bayesian_network
Bayesian_network,Influence_diagram
Bayesian_network,Latent_variable
Bayesian_network,Markov_blanket
Bayesian_network,Moral_graph
Bayesian_network,Plate_notation
Bayesian_network,Variable-order_Bayesian_network
Bayesian_network,Variational_message_passing
Cluster_analysis,Biclustering
Cluster_analysis,Cluster_analysis_(in_marketing)
Cluster_analysis,Clustering_high-dimensional_data
Cluster_analysis,Consensus_clustering
Cluster_analysis,Correlation_clustering
Cluster_analysis,Data_classification_(business_intelligence)
Cluster_analysis,Dendrogram
Cluster_analysis,Determining_the_number_of_clusters_in_a_data_set
Cluster_analysis,Fowlkes%E2%80%93Mallows_index
Cluster_analysis,Geographical_cluster
Cluster_analysis,Medoid
Cluster_analysis,Mixture_model
Cluster_analysis,Silhouette_(clustering)
Cluster_analysis,Ward%27s_method
Cluster_analysis,Clustering_criteria
Cluster_analysis,Data_clustering_algorithm
Clustering_criteria,Davies%E2%80%93Bouldin_index
Clustering_criteria,Dunn_index
Clustering_criteria,F1_score
Clustering_criteria,Fowlkes%E2%80%93Mallows_index
Clustering_criteria,Jaccard_index
Clustering_criteria,MinHash
Clustering_criteria,Rand_index
Data_clustering_algorithm,BIRCH_(data_clustering)
Data_clustering_algorithm,Canopy_clustering_algorithm
Data_clustering_algorithm,Cluster-weighted_modeling
Data_clustering_algorithm,Cobweb_(clustering)
Data_clustering_algorithm,Complete-linkage_clustering
Data_clustering_algorithm,Constrained_clustering
Data_clustering_algorithm,CURE_data_clustering_algorithm
Data_clustering_algorithm,Data_stream_clustering
Data_clustering_algorithm,DBSCAN
Data_clustering_algorithm,Expectation%E2%80%93maximization_algorithm
Data_clustering_algorithm,FLAME_clustering
Data_clustering_algorithm,Fuzzy_clustering
Data_clustering_algorithm,Hierarchical_clustering
Data_clustering_algorithm,Information_bottleneck_method
Data_clustering_algorithm,K-means_clustering
Data_clustering_algorithm,K-means%2B%2B
Data_clustering_algorithm,K-medians_clustering
Data_clustering_algorithm,K-medoids
Data_clustering_algorithm,Linde%E2%80%93Buzo%E2%80%93Gray_algorithm
Data_clustering_algorithm,Lloyd%27s_algorithm
Data_clustering_algorithm,Nearest-neighbor_chain_algorithm
Data_clustering_algorithm,Neighbor_joining
Data_clustering_algorithm,OPTICS_algorithm
Data_clustering_algorithm,Pitman%E2%80%93Yor_process
Data_clustering_algorithm,Self-organizing_map
Data_clustering_algorithm,Single-linkage_clustering
Data_clustering_algorithm,Spectral_clustering
Data_clustering_algorithm,SUBCLU
Data_clustering_algorithm,UPGMA
Data_clustering_algorithm,Ward%27s_method
Computational_learning_theory,Algorithmic_learning_theory
Computational_learning_theory,Bondy%27s_theorem
Computational_learning_theory,Concept_class
Computational_learning_theory,Cover%27s_theorem
Computational_learning_theory,Probably_approximately_correct_learning
Computational_learning_theory,Representer_theorem
Computational_learning_theory,Sample_exclusion_dimension
Computational_learning_theory,Shattered_set
Computational_learning_theory,Teaching_dimension
Computational_learning_theory,Unique_negative_dimension
Computational_learning_theory,Vapnik%E2%80%93Chervonenkis_theory
Computational_learning_theory,VC_dimension
Computational_learning_theory,Win%E2%80%93stay,_lose%E2%80%93switch
Computational_learning_theory,Witness_set
Decision_tree,Alternating_decision_tree
Decision_tree,C4.5_algorithm
Decision_tree,CHAID
Decision_tree,Decision_rule
Decision_tree,Decision_stump
Decision_tree,Decision_tree_learning
Decision_tree,Decision_tree_model
Decision_tree,Gene_expression_programming
Decision_tree,Gradient_boosting
Decision_tree,Grafting_(decision_trees)
Decision_tree,ID3_algorithm
Decision_tree,Incremental_decision_tree
Decision_tree,Information_gain_in_decision_tree
Decision_tree,Information_gain_ratio
Decision_tree,Logistic_model_tree
Decision_tree,Pruning_(decision_trees)
Decision_tree,Random_forest
Decision_tree,File:Decision_tree_for_IUPAC_polymer_nomenclature.png
Dimension_reduction,Dimensional_reduction
Dimension_reduction,Elastic_map
Dimension_reduction,Feature_extraction
Dimension_reduction,Feature_selection
Dimension_reduction,Local_tangent_space_alignment
Dimension_reduction,Locality-sensitive_hashing
Dimension_reduction,Low-rank_approximation
Dimension_reduction,Multifactor_dimensionality_reduction
Dimension_reduction,Multilinear_principal_component_analysis
Dimension_reduction,Multilinear_subspace_learning
Dimension_reduction,Nonlinear_dimensionality_reduction
Dimension_reduction,Principal_component_analysis
Dimension_reduction,Random_indexing
Dimension_reduction,Sammon_projection
Dimension_reduction,Self-organizing_map
Dimension_reduction,Semantic_mapping_(statistics)
Dimension_reduction,Semidefinite_embedding
Dimension_reduction,Sliced_inverse_regression
Evolutionary_algorithm,IPO_underpricing_algorithm
Evolutionary_algorithm,Artificial_bee_colony_algorithm
Evolutionary_algorithm,Artificial_development
Evolutionary_algorithm,Artificial_immune_system
Evolutionary_algorithm,Cellular_evolutionary_algorithm
Evolutionary_algorithm,CMA-ES
Evolutionary_algorithm,Computer-automated_design
Evolutionary_algorithm,Cultural_algorithm
Evolutionary_algorithm,DarwinTunes
Evolutionary_algorithm,Differential_evolution
Evolutionary_algorithm,Eagle_strategy
Evolutionary_algorithm,Effective_fitness
Evolutionary_algorithm,Evolution_strategy
Evolutionary_algorithm,Evolution_window
Evolutionary_algorithm,Evolutionary_acquisition_of_neural_topology
Evolutionary_algorithm,Evolutionary_multimodal_optimization
Evolutionary_algorithm,Evolutionary_Algorithm_for_Landmark_Detection
Evolutionary_algorithm,Evolutionary_art
Evolutionary_algorithm,Evolutionary_music
Evolutionary_algorithm,Evolutionary_programming
Evolutionary_algorithm,Fitness_approximation
Evolutionary_algorithm,Gaussian_adaptation
Evolutionary_algorithm,Gene_expression_programming
Evolutionary_algorithm,Genetic_programming
Evolutionary_algorithm,Genetic_representation
Evolutionary_algorithm,Grammatical_evolution
Evolutionary_algorithm,Harmony_search
Evolutionary_algorithm,HyperNEAT
Evolutionary_algorithm,Interactive_evolutionary_computation
Evolutionary_algorithm,Java_Grammatical_Evolution
Evolutionary_algorithm,Learning_classifier_system
Evolutionary_algorithm,Melomics
Evolutionary_algorithm,Memetic_algorithm
Evolutionary_algorithm,Meta-optimization
Evolutionary_algorithm,Natural_evolution_strategy
Evolutionary_algorithm,Neuroevolution
Evolutionary_algorithm,Neuroevolution_of_augmenting_topology
Evolutionary_algorithm,Particle_swarm_optimization
Evolutionary_algorithm,Promoter_based_genetic_algorithm
Evolutionary_algorithm,Reward-based_selection
Evolutionary_algorithm,Speciation_(genetic_algorithm)
Evolutionary_algorithm,File:Efficiency.GIF
Evolutionary_algorithm,File:Fraktal.gif
Evolutionary_algorithm,File:Mountain_crest.GIF
Evolutionary_algorithm,Genetic_algorithm
Genetic_algorithm,Chromosome_(genetic_algorithm)
Genetic_algorithm,Clonal_Selection_Algorithm
Genetic_algorithm,Crossover_(genetic_algorithm)
Genetic_algorithm,Cultural_algorithm
Genetic_algorithm,Defining_length
Genetic_algorithm,Edge_recombination_operator
Genetic_algorithm,Evolver_(software)
Genetic_algorithm,Fitness_approximation
Genetic_algorithm,Fitness_function
Genetic_algorithm,Fitness_proportionate_selection
Genetic_algorithm,Gene_expression_programming
Genetic_algorithm,Genetic_algorithm_scheduling
Genetic_algorithm,Genetic_algorithms_in_economics
Genetic_algorithm,Genetic_fuzzy_system
Genetic_algorithm,Genetic_memory_(computer_science)
Genetic_algorithm,Genetic_operator
Genetic_algorithm,Genetic_programming
Genetic_algorithm,Holland%27s_schema_theorem
Genetic_algorithm,HyperNEAT
Genetic_algorithm,Inheritance_(genetic_algorithm)
Genetic_algorithm,List_of_genetic_algorithm_application
Genetic_algorithm,Mutation_(genetic_algorithm)
Genetic_algorithm,Neuroevolution_of_augmenting_topology
Genetic_algorithm,Parallel_metaheuristic
Genetic_algorithm,Population-based_incremental_learning
Genetic_algorithm,Premature_convergence
Genetic_algorithm,Promoter_based_genetic_algorithm
Genetic_algorithm,Quality_control_and_genetic_algorithm
Genetic_algorithm,Reward-based_selection
Genetic_algorithm,Santa_Fe_Trail_problem
Genetic_algorithm,Schema_(genetic_algorithms)
Genetic_algorithm,Search-based_software_engineering
Genetic_algorithm,Selection_(genetic_algorithm)
Genetic_algorithm,Speciation_(genetic_algorithm)
Genetic_algorithm,Stochastic_universal_sampling
Genetic_algorithm,Tournament_selection
Genetic_algorithm,Truncation_selection
Genetic_algorithm,Weasel_program
Genetic_programming,Arbol
Genetic_programming,Eurisko
Genetic_programming,Gene_expression_programming
Genetic_programming,Grammar_induction
Genetic_programming,Java_Grammatical_Evolution
Genetic_programming,Linear_genetic_programming
Genetic_programming,Linear_tree
Genetic_programming,Joseph_Nechvatal
Genetic_programming,Parity_benchmark
Genetic_programming,Santa_Fe_Trail_problem
Genetic_programming,Schema_(genetic_algorithms)
Interactive_evolutionary_computation,Human-based_genetic_algorithm
Interactive_evolutionary_computation,NEAT_Particles
Inductive_logic_programming,First_Order_Inductive_Learner
Inductive_logic_programming,Golem_(ILP)
Inductive_logic_programming,PROGOL
Kernel_methods_for_machine_learning,Fisher_kernel
Kernel_methods_for_machine_learning,Gaussian_process
Kernel_methods_for_machine_learning,Gramian_matrix
Kernel_methods_for_machine_learning,Kernel_adaptive_filter
Kernel_methods_for_machine_learning,Kernel_eigenvoice
Kernel_methods_for_machine_learning,Kernel_method
Kernel_methods_for_machine_learning,Kernel_principal_component_analysis
Kernel_methods_for_machine_learning,Kernel_trick
Kernel_methods_for_machine_learning,Polynomial_kernel
Kernel_methods_for_machine_learning,Support_vector_machine
Support_vector_machine,Hinge_los
Support_vector_machine,Least_squares_support_vector_machine
Support_vector_machine,Ranking_SVM
Support_vector_machine,Regularization_perspectives_on_support_vector_machine
Support_vector_machine,Sequential_minimal_optimization
Support_vector_machine,Structured_SVM
Latent_variable_model,Latent_variable
Latent_variable_model,Common-method_variance
Latent_variable_model,Doubly_stochastic_model
Latent_variable_model,Dynamic_topic_model
Latent_variable_model,Factor_analysis
Latent_variable_model,Factor_regression_model
Latent_variable_model,First-difference_estimator
Latent_variable_model,Item_response_theory
Latent_variable_model,Latent_class_model
Latent_variable_model,Latent_Dirichlet_allocation
Latent_variable_model,Latent_semantic_analysis
Latent_variable_model,Local_independence
Latent_variable_model,Measurement_invariance
Latent_variable_model,Mixture_model
Latent_variable_model,Nuisance_variable
Latent_variable_model,Pachinko_allocation
Latent_variable_model,Partial_least_squares_regression
Latent_variable_model,Probabilistic_latent_semantic_analysis
Latent_variable_model,Theory_of_conjoint_measurement
Latent_variable_model,Thurstonian_model
Latent_variable_model,Topic_model
Factor_analysis,Confirmatory_factor_analysis
Factor_analysis,Cultural_consensus_theory
Factor_analysis,Exploratory_factor_analysis
Factor_analysis,Factor_regression_model
Factor_analysis,Higher-order_factor_analysis
Factor_analysis,Q_methodology
Factor_analysis,Varimax_rotation
Learning_in_computer_vision,Ball_tree
Learning_in_computer_vision,Boosting_methods_for_object_categorization
Learning_in_computer_vision,Constellation_model
Learning_in_computer_vision,ImageNets
Learning_in_computer_vision,Inferential_theory_of_learning
Learning_in_computer_vision,Machine_learning
Learning_in_computer_vision,One-shot_learning
Loss_function,Hinge_los
Loss_function,Huber_loss_function
Loss_function,Mean_squared_error
Loss_function,Mean_squared_prediction_error
Loss_function,Sum_of_absolute_difference
Loss_function,Sum_of_absolute_transformed_difference
Loss_function,Taguchi_loss_function
Machine_learning_algorithm,List_of_machine_learning_algorithm
Machine_learning_algorithm,Almeida%E2%80%93Pineda_recurrent_backpropagation
Machine_learning_algorithm,Backpropagation
Machine_learning_algorithm,Bootstrap_aggregating
Machine_learning_algorithm,CN2_algorithm
Machine_learning_algorithm,Constrained_conditional_model
Machine_learning_algorithm,Constructing_skill_tree
Machine_learning_algorithm,Dehaene%E2%80%93Changeux_model
Machine_learning_algorithm,Diffusion_map
Machine_learning_algorithm,Dominance-based_rough_set_approach
Machine_learning_algorithm,Dynamic_time_warping
Machine_learning_algorithm,Error-driven_learning
Machine_learning_algorithm,Evolutionary_multimodal_optimization
Machine_learning_algorithm,Expectation%E2%80%93maximization_algorithm
Machine_learning_algorithm,FastICA
Machine_learning_algorithm,Forward%E2%80%93backward_algorithm
Machine_learning_algorithm,Gene_expression_programming
Machine_learning_algorithm,GeneRec
Machine_learning_algorithm,Genetic_Algorithm_for_Rule_Set_Production
Machine_learning_algorithm,Growing_self-organizing_map
Machine_learning_algorithm,HEXQ
Machine_learning_algorithm,IDistance
Machine_learning_algorithm,K-nearest_neighbor_algorithm
Machine_learning_algorithm,Kernel_principal_component_analysis
Machine_learning_algorithm,Leabra
Machine_learning_algorithm,Linde%E2%80%93Buzo%E2%80%93Gray_algorithm
Machine_learning_algorithm,Local_outlier_factor
Machine_learning_algorithm,LogitBoost
Machine_learning_algorithm,Manifold_alignment
Machine_learning_algorithm,Minimum_redundancy_feature_selection
Machine_learning_algorithm,Non-negative_matrix_factorization
Machine_learning_algorithm,Online_machine_learning
Machine_learning_algorithm,Prefrontal_Cortex_Basal_Ganglia_Working_Memory
Machine_learning_algorithm,PU_learning
Machine_learning_algorithm,PVLV
Machine_learning_algorithm,Q-learning
Machine_learning_algorithm,Quadratic_unconstrained_binary_optimization
Machine_learning_algorithm,Randomized_weighted_majority_algorithm
Machine_learning_algorithm,Reinforcement_learning
Machine_learning_algorithm,Rprop
Machine_learning_algorithm,SARSA
Machine_learning_algorithm,Skill_chaining
Machine_learning_algorithm,Sparse_PCA
Machine_learning_algorithm,Stochastic_gradient_descent
Machine_learning_algorithm,Temporal_difference_learning
Machine_learning_algorithm,Wake-sleep_algorithm
Machine_learning_algorithm,Weighted_Majority_Algorithm
Markov_model,Absorbing_Markov_chain
Markov_model,Algorithmic_composition
Markov_model,Baum%E2%80%93Welch_algorithm
Markov_model,Bernoulli_scheme
Markov_model,Burst_error
Markov_model,Dependability_state_model
Markov_model,Detailed_balance
Markov_model,Discrete_phase-type_distribution
Markov_model,Dynamic_Markov_compression
Markov_model,Dynamics_of_Markovian_particle
Markov_model,Entropy_rate
Markov_model,Examples_of_Markov_chain
Markov_model,Forward_algorithm
Markov_model,Forward%E2%80%93backward_algorithm
Markov_model,Gene_prediction
Markov_model,GLIMMER
Markov_model,Google_matrix
Markov_model,Hidden_Markov_model
Markov_model,Interacting_particle_system
Markov_model,Iterative_Viterbi_decoding
Markov_model,Kalman_filter
Markov_model,Language_model
Markov_model,Mark_V_Shaney
Markov_model,Markov_chain
Markov_model,Markov_chain_geostatistics
Markov_model,Markov_chain_Monte_Carlo
Markov_model,Markov_partition
Markov_model,Markov_property
Markov_model,Markov_switching_multifractal
Markov_model,Markovian_discrimination
Markov_model,Maximum-entropy_Markov_model
Markov_model,Models_of_DNA_evolution
Markov_model,Multiple_sequence_alignment
Markov_model,PageRank
Markov_model,Part-of-speech_tagging
Markov_model,Path_dependence
Markov_model,Pop_music_automation
Markov_model,Population_process
Markov_model,Quantum_Markov_chain
Markov_model,Queueing_theory
Markov_model,Reinforcement_learning
Markov_model,Snakes_and_Ladders
Markov_model,Soft_output_Viterbi_algorithm
Markov_model,Stochastic_cellular_automaton
Markov_model,Stochastic_matrix
Markov_model,Transiogram
Markov_model,Variable-order_Bayesian_network
Markov_model,Variable-order_Markov_model
Markov_model,Viterbi_algorithm
Markov_model,Markov_network
Markov_model,Statistical_natural_language_processing
Hidden_Markov_model,Adaptive_sampling
Hidden_Markov_model,Folding@home
Hidden_Markov_model,Hidden_semi-Markov_model
Hidden_Markov_model,Hierarchical_hidden_Markov_model
Hidden_Markov_model,Island_algorithm
Hidden_Markov_model,Layered_hidden_Markov_model
Hidden_Markov_model,Poisson_hidden_Markov_model
Markov_network,Markov_random_field
Markov_network,Factor_graph
Markov_network,Hammersley%E2%80%93Clifford_theorem
Markov_network,Hidden_Markov_random_field
Markov_network,Ising_model
Markov_network,Markov_blanket
Markov_network,Markov_logic_network
Statistical_natural_language_processing,Stochastic_grammar
Statistical_natural_language_processing,Additive_smoothing
Statistical_natural_language_processing,Collostructional_analysis
Statistical_natural_language_processing,Dissociated_pres
Statistical_natural_language_processing,Dynamic_topic_model
Statistical_natural_language_processing,F1_score
Statistical_natural_language_processing,Factored_language_model
Statistical_natural_language_processing,Glottochronology
Statistical_natural_language_processing,Interactive_machine_translation
Statistical_natural_language_processing,Frederick_Jelinek
Statistical_natural_language_processing,Katz%27s_back-off_model
Statistical_natural_language_processing,Language_model
Statistical_natural_language_processing,Latent_Dirichlet_allocation
Statistical_natural_language_processing,Markov_information_source
Statistical_natural_language_processing,Markovian_discrimination
Statistical_natural_language_processing,Maximum-entropy_Markov_model
Statistical_natural_language_processing,Noisy_channel_model
Statistical_natural_language_processing,Noisy_text_analytics
Statistical_natural_language_processing,OpenNLP
Statistical_natural_language_processing,Pachinko_allocation
Statistical_natural_language_processing,Probabilistic_latent_semantic_analysis
Statistical_natural_language_processing,Sinkov_statistic
Statistical_natural_language_processing,Statistical_machine_translation
Statistical_natural_language_processing,Statistical_parsing
Statistical_natural_language_processing,Statistical_semantics
Statistical_natural_language_processing,Stochastic_context-free_grammar
Statistical_natural_language_processing,Synchronous_context-free_grammar
Statistical_natural_language_processing,Natural_Language_Toolkit
Statistical_natural_language_processing,Text_mining
Statistical_natural_language_processing,Tf%E2%80%93idf
Statistical_natural_language_processing,Topic_model
Statistical_natural_language_processing,Trigram_tagger
Statistical_natural_language_processing,Variable_rules_analysis
Statistical_natural_language_processing,Writer_invariant
Neural_network,Activation_function
Neural_network,ADALINE
Neural_network,Adaptive_neuro_fuzzy_inference_system
Neural_network,Adaptive_resonance_theory
Neural_network,IPO_underpricing_algorithm
Neural_network,ALOPEX
Neural_network,Artificial_Intelligence_System
Neural_network,Artificial_neural_network
Neural_network,Artificial_neuron
Neural_network,Autoassociative_memory
Neural_network,Autoencoder
Neural_network,Backpropagation
Neural_network,Bcpnn
Neural_network,Bidirectional_associative_memory
Neural_network,Biological_neural_network
Neural_network,Boltzmann_machine
Neural_network,Cellular_neural_network
Neural_network,Cerebellar_Model_Articulation_Controller
Neural_network,CoDi
Neural_network,Committee_machine
Neural_network,Competitive_learning
Neural_network,Compositional_pattern-producing_network
Neural_network,Computational_cybernetics
Neural_network,Computational_neurogenetic_modeling
Neural_network,Confabulation_(neural_networks)
Neural_network,Conference_on_Neural_Information_Processing_Systems
Neural_network,Cortical_column
Neural_network,Counterpropagation_network
Neural_network,Cover%27s_theorem
Neural_network,Cultured_neuronal_network
Neural_network,Deep_learning
Neural_network,Dehaene%E2%80%93Changeux_model
Neural_network,Delta_rule
Neural_network,Early_stopping
Neural_network,Echo_state_network
Neural_network,The_Emotion_Machine
Neural_network,European_Neural_Network_Society
Neural_network,Evolutionary_acquisition_of_neural_topology
Neural_network,Extension_neural_network
Neural_network,Feed_forward_(control)
Neural_network,Feedforward_neural_network
Neural_network,Gene_expression_programming
Neural_network,Generalized_Hebbian_Algorithm
Neural_network,Generative_topographic_map
Neural_network,Grossberg_network
Neural_network,Group_method_of_data_handling
Neural_network,Growing_self-organizing_map
Neural_network,Memory-prediction_framework
Neural_network,Helmholtz_machine
Neural_network,Hierarchical_temporal_memory
Neural_network,Hopfield_network
Neural_network,Hybrid_Kohonen_self-organizing_map
Neural_network,Hybrid_neural_network
Neural_network,HyperNEAT
Neural_network,Infomax
Neural_network,Instantaneously_trained_neural_network
Neural_network,Interactive_activation_and_competition_network
Neural_network,Leabra
Neural_network,Learning_rule
Neural_network,Learning_Vector_Quantization
Neural_network,Lernmatrix
Neural_network,Linde%E2%80%93Buzo%E2%80%93Gray_algorithm
Neural_network,Liquid_state_machine
Neural_network,Long_short_term_memory
Neural_network,Madaline
Neural_network,Modular_neural_network
Neural_network,MoneyBee
Neural_network,Multilayer_perceptron
Neural_network,Neocognitron
Neural_network,Nervous_system_network_model
Neural_network,NETtalk_(artificial_neural_network)
Neural_network,Neural_backpropagation
Neural_network,Neural_coding
Neural_network,Neural_cryptography
Neural_network,Neural_decoding
Neural_network,Neural_ga
Neural_network,Neural_Networks_(journal)
Neural_network,Neural_oscillation
Neural_network,Neurally_controlled_animat
Neural_network,Neuroevolution_of_augmenting_topology
Neural_network,Neuroplasticity
Neural_network,Ni1000
Neural_network,Nonspiking_neuron
Neural_network,Nonsynaptic_plasticity
Neural_network,Oja%27s_rule
Neural_network,Optical_neural_network
Neural_network,Perceptron
Neural_network,Phase-of-firing_code
Neural_network,Probabilistic_neural_network
Neural_network,Promoter_based_genetic_algorithm
Neural_network,Pulse-coupled_network
Neural_network,Quantum_neural_network
Neural_network,Radial_basis_function
Neural_network,Radial_basis_function_network
Neural_network,Random_neural_network
Neural_network,Rectifier_(neural_networks)
Neural_network,Recurrent_neural_network
Neural_network,Reentry_(neural_circuitry)
Neural_network,Reservoir_computing
Neural_network,Restricted_Boltzmann_machine
Neural_network,Rprop
Neural_network,Self-organizing_map
Neural_network,Semantic_neural_network
Neural_network,Sigmoid_function
Neural_network,Softmax_activation_function
Neural_network,Spiking_neural_network
Neural_network,Stochastic_neural_analog_reinforcement_calculator
Neural_network,Stochastic_neural_network
Neural_network,Synaptic_plasticity
Neural_network,Synaptic_weight
Neural_network,Tensor_product_network
Neural_network,Time_delay_neural_network
Neural_network,Types_of_artificial_neural_network
Neural_network,U-matrix
Neural_network,Universal_approximation_theorem
Neural_network,Winner-take-all
Neural_network,File:XOR_perceptron_net.png
Neural_network,Neural_network_software
