<?xml version="1.0" encoding="UTF-8" standalone="no"?>
<!DOCTYPE properties SYSTEM "http://java.sun.com/dtd/properties.dtd">
<properties>
<entry key="profiler.settings.instrument.empty.methods">true</entry>
<entry key="ProfilerCPUSettings_version">1.0</entry>
<entry key="ProfilerCPUSettings_profile_runnables">true</entry>
<entry key="ProfilerCPUSettings_filter_type">2</entry>
<entry key="ProfilerMemorySettings_track_every">10</entry>
<entry key="ProfilerMemorySettings_mode">4</entry>
<entry key="ProfilerCPUSettings_root_classes">facetGUI.**
function.DTExtraction.**
function.base.**
function.crawler.**
function.facetedTree.**
function.hypRelation.**
function.jsoup.**
function.linkAnalysis.**
function.netAnalysis.**
function.txtAnalysis.**
function.util.**
test.**
</entry>
<entry key="ProfilerCPUSettings_filter_value">facetGUI.*,
function.DTExtraction.*,
function.base.*,
function.crawler.*,
function.facetedTree.*,
function.hypRelation.*,
function.jsoup.*,
function.linkAnalysis.*,
function.netAnalysis.*,
function.txtAnalysis.*,
function.util.*,
test.*</entry>
<entry key="profiler.settings.istrument.getter.setter.methods">true</entry>
<entry key="ProfilerMemorySettings_stacktraces">-1</entry>
<entry key="myeclipse.profiling.mode">0</entry>
</properties>
